,stab_1,stab_1,stab_2,stab_2,stab_3,stab_3,stab_4,stab_4,Data,Data,Data,num
,0,1,0,1,0,1,0,1,0,1,2,simulation num
0,0,0,0,0,0,0,0,0,0,0,0,38033
1,0,0,0,0,1,0,0,0,0,0,0,178
2,1,0,0,0,0,0,0,0,0,0,0,179
3,0,0,0,0,0,1,0,0,0,0,0,585
4,0,1,0,0,0,0,0,0,0,0,1,465
5,0,1,0,1,0,1,0,1,0,0,1,339
6,1,1,0,1,1,1,0,1,0,1,0,4
7,1,1,1,1,1,1,1,1,0,1,0,183
8,1,0,1,0,1,0,0,0,1,0,0,386
9,1,1,1,1,0,0,0,0,0,1,0,249
10,0,0,0,0,0,0,0,0,1,0,0,325
11,1,0,0,0,0,0,0,0,1,0,0,406
12,0,0,0,1,0,0,0,0,0,0,0,486
13,0,0,0,0,0,0,0,1,0,0,0,695
14,0,1,0,0,0,1,0,0,0,0,1,159
15,0,1,0,1,0,0,0,0,0,0,1,434
16,0,1,0,1,0,1,0,0,0,0,1,404
17,1,1,0,0,0,0,0,0,0,1,0,234
18,0,0,0,0,0,0,1,0,0,0,0,293
19,0,0,0,0,0,0,0,0,0,1,0,292
20,1,0,1,0,1,0,1,0,1,0,1,3
21,0,0,0,0,0,1,0,1,1,0,0,1
22,1,0,1,0,1,0,1,0,1,0,0,300
23,0,0,0,1,0,0,0,0,0,0,1,186
24,0,0,0,1,0,1,0,0,0,0,1,156
25,0,0,0,1,0,1,0,0,0,0,0,166
26,1,0,0,1,0,1,0,0,0,1,1,4
27,1,0,1,0,0,0,0,0,1,0,0,362
28,0,1,0,1,0,0,0,0,0,0,0,176
29,0,1,0,1,0,1,0,0,0,0,0,106
30,0,1,0,0,0,0,0,0,0,0,0,662
31,0,0,0,0,0,0,0,0,0,0,1,432
32,0,1,1,1,0,1,0,1,0,1,0,5
33,1,0,0,0,0,0,0,0,0,1,0,50
34,0,0,1,0,0,0,0,0,0,0,0,164
35,1,1,0,1,0,1,0,1,1,0,1,3
36,1,1,1,1,1,1,0,0,1,0,1,6
37,0,0,0,0,0,0,1,0,0,0,1,4
38,0,0,0,0,0,1,0,0,0,0,1,161
39,0,1,0,0,0,0,0,1,0,0,1,29
40,1,1,1,0,0,0,0,0,0,1,0,59
41,1,0,0,0,1,0,0,0,1,0,0,21
42,1,0,0,1,0,0,0,1,1,0,1,2
43,0,1,1,0,0,0,0,0,0,1,0,3
44,0,0,0,0,0,1,0,1,0,0,0,79
45,0,0,0,1,0,1,0,1,0,0,1,32
46,0,0,1,0,0,0,0,0,1,0,0,20
47,0,0,0,0,0,1,0,1,0,0,1,31
48,0,1,1,1,1,1,0,1,0,1,1,18
49,0,0,0,0,0,0,0,1,1,0,0,7
50,0,1,0,1,0,0,0,1,0,0,1,61
51,1,0,1,0,1,0,0,0,0,1,1,9
52,1,0,1,1,0,0,0,0,1,0,1,1
53,0,1,0,0,0,1,0,0,0,1,0,5
54,1,1,1,0,1,0,1,1,0,1,0,1
55,1,1,1,1,1,0,0,0,0,1,0,59
56,1,1,0,1,1,1,0,1,0,0,1,22
57,0,0,0,1,1,1,1,1,0,0,0,2
58,0,1,0,1,0,1,0,1,0,0,0,106
59,0,1,0,0,0,1,0,0,0,0,0,200
60,1,0,1,0,1,1,0,0,0,1,1,4
61,1,1,1,1,1,1,0,1,1,0,1,2
62,1,0,0,0,0,1,0,0,0,0,0,5
63,1,1,1,0,0,0,0,0,1,0,0,9
64,1,1,1,1,0,1,0,1,0,0,0,6
65,0,1,0,1,1,1,0,1,0,0,1,18
66,1,1,0,0,0,0,0,0,0,0,0,13
67,1,0,1,0,0,1,0,1,0,1,1,3
68,0,1,1,1,0,1,0,0,0,0,1,2
69,0,1,1,1,0,1,0,1,0,1,1,21
70,1,1,1,1,0,1,1,1,0,0,1,1
71,0,0,1,0,0,0,1,0,1,0,0,2
72,0,1,1,0,0,0,0,0,1,1,0,3
73,0,0,0,1,0,0,1,0,0,0,0,4
74,1,1,1,1,1,1,1,0,0,1,0,70
75,1,1,1,1,1,1,0,0,0,1,0,231
76,1,0,1,1,1,0,0,0,1,0,0,13
77,1,1,1,1,1,0,0,0,0,1,1,1
78,1,1,1,1,1,1,0,1,0,0,1,9
79,0,0,0,0,0,0,1,0,1,0,0,3
80,0,1,1,1,0,0,0,0,0,1,1,2
81,1,0,1,1,1,0,1,0,1,0,0,4
82,0,1,0,1,1,1,0,1,0,0,0,7
83,1,1,0,0,0,1,0,1,0,1,0,1
84,0,1,1,1,1,1,1,1,1,1,0,3
85,1,1,0,1,0,1,0,1,0,0,1,13
86,1,0,1,0,1,0,0,0,0,0,0,17
87,0,1,1,0,1,1,1,1,0,0,0,1
88,0,1,0,0,0,0,0,0,0,1,0,21
89,0,1,0,1,0,0,0,0,1,0,1,5
90,1,1,0,0,0,1,0,0,1,0,1,3
91,1,0,1,1,1,0,1,0,1,0,1,3
92,1,0,1,1,1,1,1,1,0,0,0,1
93,0,1,0,1,0,1,0,1,1,0,1,3
94,1,1,1,1,1,1,0,1,0,1,1,12
95,1,0,0,0,0,1,0,0,1,0,1,3
96,0,1,1,1,1,1,0,1,0,0,1,21
97,1,1,0,0,0,0,0,0,1,0,1,2
98,0,1,1,1,1,1,0,1,1,0,1,2
99,1,1,1,0,1,0,0,0,1,0,0,6
100,0,0,0,0,0,0,0,1,0,0,1,34
101,0,0,0,0,0,0,0,1,0,1,0,6
102,0,0,0,1,0,0,0,1,0,0,1,26
103,0,1,1,1,0,1,0,1,0,0,1,16
104,1,1,1,1,0,1,0,0,0,1,0,10
105,1,1,1,1,1,1,1,1,1,0,1,5
106,0,0,0,0,0,0,0,0,0,1,1,4
107,1,1,0,1,0,1,0,1,0,1,0,7
108,1,1,1,0,1,0,0,0,0,1,1,1
109,0,1,0,0,0,0,0,0,0,1,1,14
110,1,0,0,0,1,0,0,0,0,0,0,17
111,0,0,1,0,1,0,0,0,1,0,0,19
112,1,0,1,1,0,0,0,0,0,1,1,9
113,1,1,1,1,1,1,0,1,0,1,0,17
114,0,1,1,1,1,1,0,0,0,1,0,6
115,1,0,0,0,1,0,1,0,1,0,0,4
116,1,0,1,0,0,0,1,0,1,0,0,12
117,0,1,0,1,0,1,0,1,0,1,1,15
118,0,0,0,1,1,1,0,0,0,0,0,2
119,0,0,0,1,0,0,1,0,1,0,0,2
120,1,1,0,1,1,1,0,1,0,1,1,20
121,0,1,0,1,1,0,0,0,0,0,1,1
122,0,1,0,0,0,1,0,1,0,0,1,45
123,1,1,1,1,1,0,1,0,1,0,1,2
124,0,0,0,0,0,0,0,1,0,1,1,1
125,1,0,1,1,0,0,0,1,0,0,1,1
126,1,1,1,1,0,0,0,0,0,1,1,8
127,1,0,0,0,0,0,0,1,0,0,0,5
128,0,1,1,1,1,1,0,0,0,0,0,1
129,1,0,1,0,0,0,0,0,0,0,0,28
130,1,0,1,0,1,1,0,0,0,1,0,2
131,0,0,0,1,0,0,0,0,1,0,0,3
132,1,1,0,0,0,0,1,0,1,0,0,1
133,1,1,0,1,0,1,0,1,0,1,1,8
134,0,0,1,0,1,0,0,0,1,1,1,1
135,1,0,1,0,1,0,1,0,0,0,0,9
136,1,0,1,0,1,1,1,0,1,0,0,4
137,1,1,1,0,1,0,1,0,1,0,0,5
138,1,1,0,0,0,0,0,0,0,0,1,6
139,0,0,1,0,0,1,0,0,0,0,1,1
140,1,0,1,0,1,1,0,1,0,1,1,5
141,1,0,0,0,1,0,1,1,1,0,0,1
142,1,0,1,1,1,1,0,1,0,1,0,3
143,1,1,0,1,0,1,0,1,0,0,0,9
144,1,1,0,1,0,1,1,1,0,1,0,4
145,1,1,0,0,0,1,0,0,0,1,0,5
146,1,0,1,1,1,1,0,0,0,1,1,4
147,1,0,1,0,0,0,0,0,0,1,0,4
148,1,0,1,0,0,0,0,0,1,1,0,4
149,1,1,1,1,0,0,0,1,0,1,1,2
150,0,1,1,1,0,0,0,0,0,1,0,3
151,1,0,0,1,0,0,0,0,1,0,1,1
152,0,1,0,1,1,1,1,1,0,0,1,1
153,0,1,0,0,1,0,0,0,0,0,1,3
154,1,0,0,0,0,0,1,0,0,1,0,1
155,0,1,0,0,0,0,0,0,1,1,0,2
156,0,0,1,0,1,1,1,1,0,0,0,1
157,1,1,1,1,0,1,0,1,0,1,0,10
158,0,1,0,0,0,1,0,1,0,0,0,9
159,0,1,0,1,1,0,0,0,1,0,0,1
160,0,0,1,1,1,1,1,1,1,0,0,1
161,0,1,0,1,0,0,0,1,0,0,0,7
162,1,0,1,0,1,0,0,0,1,1,0,4
163,0,0,0,0,1,0,0,0,0,1,0,4
164,1,1,0,1,0,0,0,0,0,1,0,14
165,1,1,1,1,0,1,0,0,1,1,1,1
166,0,1,1,1,0,0,0,0,0,0,1,6
167,0,1,0,1,0,0,0,0,0,1,1,6
168,1,1,1,1,1,1,0,1,0,0,0,3
169,1,1,0,1,0,1,1,1,0,1,1,2
170,1,0,1,1,1,1,0,0,1,0,1,4
171,1,1,1,0,1,1,1,1,0,1,1,1
172,0,0,0,0,1,0,1,1,0,0,0,1
173,1,1,1,1,1,1,0,1,1,0,0,2
174,1,1,1,0,1,0,1,0,1,0,1,4
175,1,1,1,1,0,1,0,0,1,0,1,5
176,0,0,1,0,1,0,1,0,1,0,0,3
177,1,1,1,1,1,1,0,0,0,0,0,8
178,1,1,1,1,0,0,0,1,0,1,0,3
179,0,1,0,1,1,1,1,1,0,1,0,1
180,1,1,0,1,0,0,0,0,0,0,1,3
181,0,0,0,0,1,0,0,0,1,0,0,12
182,1,1,1,1,0,1,0,1,0,1,1,10
183,0,0,0,1,0,1,1,0,0,0,1,1
184,0,1,1,1,1,1,0,1,0,0,0,3
185,0,1,0,1,1,0,0,1,0,0,0,1
186,0,0,0,1,0,1,0,1,0,0,0,16
187,1,0,0,1,1,1,0,1,0,0,1,1
188,0,1,1,1,0,0,0,0,0,0,0,5
189,1,1,0,1,1,1,1,1,0,1,0,2
190,1,1,0,0,0,0,0,0,0,1,1,8
191,0,0,1,1,0,1,0,1,0,0,0,1
192,1,1,1,1,0,1,0,1,1,1,1,3
193,0,1,0,1,1,1,1,1,1,1,0,5
194,0,1,0,1,0,0,0,1,1,0,1,2
195,0,0,1,0,1,0,0,0,0,0,0,16
196,1,0,0,0,1,0,0,0,1,1,0,1
197,1,0,0,0,1,0,0,0,0,0,1,1
198,0,1,1,1,1,1,0,1,0,1,0,3
199,0,0,0,0,0,1,1,0,0,0,0,3
200,0,0,0,0,1,0,1,0,0,0,0,8
201,1,0,1,1,1,1,1,0,1,0,0,3
202,0,1,1,0,1,0,1,0,1,1,0,3
203,1,1,0,1,1,1,0,0,0,0,1,1
204,0,0,0,0,0,0,0,0,1,1,0,3
205,1,1,0,1,0,1,0,0,0,1,0,5
206,0,0,0,1,0,0,0,1,0,0,0,15
207,0,1,0,0,0,0,0,1,0,0,0,15
208,1,1,1,0,1,0,1,0,1,1,0,1
209,1,1,1,0,0,1,0,1,0,1,1,1
210,1,1,0,1,0,1,1,1,0,0,1,1
211,1,1,0,1,0,1,0,0,0,1,1,3
212,1,0,0,0,0,0,0,0,1,0,1,5
213,1,0,1,0,1,0,1,0,1,1,0,6
214,1,0,1,1,0,0,0,1,0,1,1,1
215,0,1,1,1,0,0,0,0,1,1,0,3
216,0,0,0,0,0,1,0,1,0,1,0,2
217,1,1,1,1,1,1,1,1,1,1,0,2
218,0,1,1,1,0,1,0,1,0,0,0,6
219,1,1,1,0,0,1,0,0,0,1,1,3
220,1,1,1,0,1,0,0,0,0,0,1,2
221,1,1,1,0,0,0,0,0,0,0,0,6
222,0,0,0,0,1,1,1,0,0,0,0,3
223,0,0,1,0,1,0,1,0,0,0,0,9
224,1,1,1,0,1,1,1,0,0,0,0,1
225,0,1,0,1,1,1,0,0,0,1,0,3
226,1,1,1,1,0,0,0,0,0,0,0,5
227,0,1,0,1,0,1,0,0,0,1,1,7
228,1,1,1,1,1,0,0,0,0,0,0,3
229,1,1,1,1,1,0,0,0,1,0,0,1
230,0,0,1,0,0,0,0,1,0,0,0,3
231,1,1,1,1,1,1,1,1,0,0,0,3
232,0,1,0,1,0,1,1,0,0,0,1,5
233,1,1,1,1,1,0,0,0,1,1,0,2
234,0,0,0,1,1,1,0,1,0,0,1,1
235,0,1,1,0,0,1,0,0,1,0,0,1
236,1,1,1,1,1,1,0,0,0,1,1,2
237,1,1,0,0,1,0,0,0,1,0,1,1
238,1,1,0,1,0,0,0,0,1,0,0,2
239,1,0,1,1,0,0,0,0,1,0,0,5
240,0,1,0,1,1,1,0,0,0,0,1,1
241,1,0,0,1,0,1,0,1,0,0,0,2
242,1,0,0,1,1,0,1,0,0,1,0,1
243,1,0,0,1,0,0,0,0,0,1,1,5
244,1,1,1,1,0,0,0,0,1,1,0,3
245,0,0,0,0,0,0,1,1,0,0,0,5
246,1,0,0,1,0,1,0,0,1,0,1,1
247,1,1,1,1,1,0,0,1,0,1,0,5
248,0,0,0,0,1,0,1,0,1,0,0,3
249,0,0,0,0,0,0,1,0,0,1,0,4
250,1,1,1,0,0,1,0,1,0,1,0,2
251,0,1,0,1,1,1,0,0,1,1,0,5
252,1,0,0,0,0,1,0,1,0,1,1,1
253,1,1,1,0,1,1,0,0,1,0,0,1
254,1,0,0,1,0,1,0,1,1,1,1,1
255,0,1,1,1,1,1,1,1,0,0,0,1
256,1,1,1,1,1,1,1,0,0,1,1,1
257,0,0,0,0,0,0,0,0,1,0,1,5
258,0,0,1,1,1,1,0,0,0,0,0,2
259,0,1,0,0,0,1,0,0,1,0,0,3
260,1,1,0,1,0,1,0,0,1,0,0,1
261,1,1,0,0,0,0,0,0,1,0,0,3
262,1,1,1,1,1,0,1,0,0,0,0,1
263,1,1,1,1,1,1,0,0,1,0,0,2
264,0,0,0,1,0,1,1,1,0,0,0,1
265,1,1,0,1,0,1,0,0,0,0,1,4
266,1,1,1,1,1,0,1,1,0,1,1,4
267,0,0,1,1,0,1,0,1,0,0,1,1
268,1,1,0,1,0,0,0,0,1,1,0,1
269,1,1,1,0,1,0,1,1,0,1,1,1
270,0,0,0,1,0,0,1,0,0,0,1,5
271,1,0,1,1,1,1,1,1,0,1,1,3
272,0,0,1,1,1,1,1,1,0,0,0,3
273,0,0,0,1,0,1,0,0,0,1,1,1
274,1,1,0,1,0,0,0,0,1,0,1,5
275,1,0,0,0,0,0,0,0,1,1,0,4
276,0,0,0,0,1,1,0,0,0,0,0,4
277,0,1,1,0,1,0,0,0,1,1,0,7
278,0,0,1,0,0,1,0,0,0,0,0,3
279,1,0,1,1,1,1,0,0,0,1,0,9
280,1,0,0,0,0,0,0,1,1,0,0,5
281,1,0,0,0,0,0,0,0,0,1,1,3
282,1,1,1,1,1,1,1,1,0,1,1,5
283,1,0,0,0,0,1,0,0,0,0,1,2
284,1,1,0,1,1,1,0,1,0,0,0,6
285,1,0,1,1,1,1,1,1,1,0,1,3
286,0,1,0,0,0,0,1,0,0,1,1,1
287,1,0,1,0,1,1,1,1,0,1,1,2
288,1,1,0,1,1,0,0,1,0,1,1,1
289,1,0,0,1,0,1,0,0,0,1,0,2
290,0,1,0,0,1,1,1,0,1,1,1,1
291,1,0,0,1,0,0,0,0,0,1,0,4
292,0,0,0,0,0,1,0,0,0,1,1,2
293,1,0,1,0,1,1,1,0,0,1,0,1
294,0,0,0,0,1,1,1,1,0,0,0,5
295,1,0,0,0,0,0,1,0,0,0,0,1
296,1,1,1,1,0,1,0,1,1,0,0,2
297,1,1,1,1,1,1,1,0,1,1,0,2
298,0,1,0,0,0,1,1,0,1,1,0,1
299,0,0,1,0,1,0,0,0,1,0,1,1
300,1,1,0,1,1,1,1,0,0,1,0,1
301,0,0,0,1,1,1,0,0,1,1,0,1
302,1,1,1,0,0,0,0,0,1,1,0,1
303,1,1,1,1,0,0,0,0,0,0,1,3
304,0,0,0,1,1,1,0,1,0,0,0,2
305,1,1,1,1,0,1,0,1,0,0,1,9
306,1,0,1,1,0,1,0,0,0,1,1,1
307,0,1,1,1,0,1,0,0,0,0,0,1
308,1,1,1,0,1,1,1,0,0,1,1,1
309,1,0,0,0,0,0,1,0,1,0,0,6
310,1,0,1,1,1,1,1,1,0,1,0,6
311,1,1,1,1,0,1,1,0,0,1,0,2
312,0,1,0,1,0,1,1,0,0,0,0,1
313,1,0,0,0,1,1,0,0,1,0,0,1
314,0,1,0,0,0,0,0,0,1,0,1,4
315,1,0,1,0,0,0,0,1,1,0,0,8
316,1,0,1,0,1,0,0,1,1,0,0,12
317,1,0,1,0,0,0,1,0,0,0,0,1
318,0,1,0,1,0,0,1,0,0,0,0,1
319,1,1,0,1,1,1,1,0,0,0,0,1
320,1,0,1,0,1,0,1,0,0,1,1,3
321,0,1,0,1,0,1,1,1,0,1,1,2
322,1,0,1,0,1,0,0,0,1,0,1,6
323,1,1,1,0,1,1,1,0,0,1,0,3
324,1,0,1,0,1,0,0,1,0,1,1,1
325,0,1,0,0,1,0,0,0,1,1,0,1
326,1,1,0,1,1,0,0,0,1,0,0,1
327,1,0,1,0,1,1,0,0,1,0,0,7
328,1,1,1,0,1,1,0,0,0,1,0,4
329,0,0,0,1,0,1,0,0,1,0,0,1
330,0,1,1,1,0,0,0,1,0,1,1,1
331,1,1,0,1,1,1,1,1,0,0,1,1
332,1,0,1,1,0,1,0,0,0,1,0,1
333,0,0,0,0,1,0,0,1,0,0,0,4
334,0,1,0,1,0,0,0,0,0,1,0,3
335,1,0,0,0,1,0,1,1,0,1,0,1
336,1,1,1,1,0,1,0,0,1,0,0,1
337,0,1,1,1,1,1,0,0,0,1,1,1
338,0,1,0,1,0,1,0,1,0,1,0,5
339,0,1,0,1,0,0,1,1,0,0,1,1
340,0,1,0,1,1,0,0,0,1,1,0,5
341,0,0,0,0,1,0,0,0,0,0,1,3
342,1,0,1,1,0,0,0,0,0,1,0,4
343,1,0,1,0,0,0,1,0,1,1,0,1
344,0,0,0,0,0,1,0,0,0,1,0,4
345,1,1,0,0,0,1,0,0,0,0,1,1
346,1,0,1,0,0,0,0,0,1,0,1,4
347,1,1,0,0,0,0,0,0,1,1,0,3
348,1,1,0,0,1,0,1,0,1,0,1,2
349,0,0,0,1,0,1,0,1,0,1,0,3
350,1,1,0,1,0,0,0,0,0,0,0,2
351,1,1,0,1,1,1,1,1,1,1,1,1
352,1,1,0,1,0,1,0,0,1,0,1,3
353,1,1,0,1,1,1,1,1,0,1,1,2
354,1,0,1,0,0,1,0,0,1,0,0,3
355,0,1,0,0,0,1,0,1,0,1,1,1
356,1,1,1,0,1,0,0,0,1,0,1,5
357,1,0,0,1,0,1,0,1,0,1,1,4
358,1,0,1,1,0,1,0,1,0,1,0,1
359,0,0,0,1,0,0,1,1,0,0,0,1
360,0,0,1,0,1,1,1,0,0,0,0,2
361,0,1,0,1,0,1,1,0,1,0,0,1
362,0,0,0,1,0,1,1,0,1,1,0,1
363,0,1,1,1,1,1,0,0,1,1,0,3
364,1,1,1,1,1,1,1,1,0,0,1,2
365,1,0,1,1,1,1,1,0,0,1,0,2
366,1,0,0,1,0,0,0,0,0,0,0,2
367,0,1,0,1,0,0,1,0,0,0,1,3
368,0,0,0,1,0,1,1,0,0,0,0,1
369,1,1,1,0,1,0,0,0,1,1,0,1
370,1,0,1,0,1,1,0,1,1,0,1,1
371,1,0,0,1,0,0,0,0,1,0,0,4
372,0,0,1,1,0,1,0,0,1,1,1,1
373,0,0,0,1,0,0,0,1,1,0,0,1
374,1,1,0,0,0,0,0,1,0,1,0,6
375,0,0,0,1,0,0,0,0,1,0,1,2
376,1,0,0,1,1,1,1,1,0,1,1,1
377,1,0,0,0,0,0,0,0,0,0,1,2
378,0,1,1,0,0,0,0,0,0,0,1,4
379,0,0,1,0,1,1,0,0,1,0,0,1
380,0,0,1,1,0,1,0,0,0,0,1,1
381,1,1,1,0,1,1,1,0,1,0,1,3
382,1,1,0,1,1,1,0,0,0,1,0,5
383,1,0,1,0,1,1,1,0,1,0,1,1
384,1,0,1,0,0,1,0,0,1,0,1,2
385,0,1,0,0,1,1,0,0,0,0,0,1
386,0,0,0,0,0,1,0,0,1,0,0,6
387,0,1,1,0,0,1,0,0,0,0,0,1
388,0,1,1,1,1,0,0,0,0,1,0,1
389,0,1,0,1,1,0,0,0,0,0,0,2
390,1,1,1,0,0,0,0,0,0,1,1,2
391,1,1,1,0,0,0,0,1,1,0,1,1
392,1,1,1,0,0,1,0,0,0,1,0,1
393,0,1,0,1,0,1,1,1,1,1,0,3
394,1,1,1,1,0,1,0,1,1,0,1,2
395,1,0,1,0,0,1,1,1,0,1,1,1
396,0,1,0,1,1,1,1,1,0,1,1,3
397,1,0,1,1,1,0,1,1,0,1,0,1
398,0,1,0,0,0,0,0,0,1,0,0,3
399,1,0,1,1,1,0,0,1,0,1,1,1
400,0,1,1,1,1,1,1,0,1,1,0,1
401,0,0,1,0,0,0,0,0,0,0,1,1
402,0,1,0,1,0,1,1,0,1,1,0,3
403,0,1,0,1,1,1,0,1,0,1,1,6
404,1,1,1,0,1,1,1,0,1,0,0,1
405,1,0,1,1,1,1,0,0,1,0,0,2
406,1,1,1,1,1,0,0,0,1,0,1,3
407,0,1,1,1,0,1,0,1,1,0,0,1
408,0,1,0,1,0,1,0,0,0,1,0,1
409,0,1,0,0,0,0,1,0,0,0,1,4
410,0,0,1,0,0,0,0,0,0,1,0,1
411,0,0,1,0,1,1,1,1,0,1,0,1
412,0,1,0,0,0,1,0,0,0,1,1,3
413,1,0,1,1,0,1,0,0,1,0,1,1
414,1,0,0,0,0,1,0,1,1,0,0,2
415,1,1,0,0,1,0,0,0,1,0,0,1
416,0,1,1,1,1,0,0,0,1,1,0,1
417,1,0,1,0,0,1,0,1,1,0,0,1
418,0,0,0,1,0,1,0,1,1,0,1,1
419,1,1,1,1,0,1,1,1,0,1,0,3
420,0,1,1,1,0,1,1,1,0,1,0,2
421,0,0,0,1,0,0,0,0,1,1,0,1
422,1,1,0,0,0,1,0,1,0,0,1,1
423,0,0,0,1,0,0,0,0,0,1,0,2
424,1,0,1,1,0,0,1,0,1,0,0,1
425,0,1,1,0,1,1,1,1,1,1,0,1
426,1,0,1,0,0,1,1,0,1,0,0,1
427,0,1,0,0,0,0,1,0,0,0,0,4
428,1,1,1,0,1,0,1,0,0,1,1,1
429,0,1,0,0,1,0,0,0,0,0,0,1
430,0,1,0,0,1,1,0,0,0,0,1,1
431,0,0,1,0,0,0,1,0,0,0,0,3
432,0,0,1,1,0,0,0,0,0,0,0,4
433,0,1,0,1,0,1,1,1,0,1,0,1
434,1,1,1,0,1,0,1,0,1,1,1,1
435,1,0,1,0,0,0,0,0,0,1,1,3
436,1,1,1,0,0,1,0,0,1,0,0,1
437,1,0,1,0,0,1,0,0,0,1,0,1
438,0,1,0,1,1,1,0,1,0,1,0,4
439,1,1,1,1,1,0,1,0,0,1,0,2
440,0,1,1,1,1,1,0,1,1,1,0,1
441,0,0,0,1,0,0,0,0,0,1,1,1
442,1,1,0,1,1,0,0,0,0,1,0,1
443,1,0,1,1,1,0,0,0,0,1,1,4
444,0,0,0,0,0,0,0,1,1,0,1,1
445,0,0,1,1,1,1,0,1,1,0,0,1
446,0,1,0,1,0,1,0,0,1,1,0,2
447,1,1,1,1,1,0,1,1,0,1,0,2
448,0,0,1,1,1,0,0,0,0,0,1,1
449,0,1,1,0,1,1,0,0,1,1,0,1
450,0,1,0,1,0,1,0,1,1,0,0,1
451,0,1,0,1,1,0,1,0,1,1,0,1
452,1,1,1,1,0,1,1,1,0,0,0,1
453,1,0,1,0,1,0,0,0,0,1,0,2
454,1,1,0,0,0,0,0,1,0,1,1,2
455,1,0,0,0,0,1,0,0,1,0,0,3
456,0,1,0,0,0,1,0,1,1,0,1,1
457,0,1,1,1,0,1,0,1,1,1,1,2
458,1,1,1,0,1,1,1,1,1,1,1,1
459,0,1,1,1,1,1,1,0,0,1,1,1
460,1,0,1,0,1,0,1,1,1,0,0,4
461,1,0,1,1,0,0,1,0,0,1,0,1
462,1,1,1,1,1,1,1,0,0,0,0,1
463,1,1,1,1,0,1,1,1,0,1,1,1
464,1,1,1,1,1,1,0,0,1,1,0,3
465,0,0,1,1,0,0,0,0,0,1,0,1
466,1,0,1,0,0,1,1,0,0,1,1,1
467,1,1,1,1,1,0,1,0,0,1,1,1
468,0,0,0,1,1,0,0,0,0,0,1,1
469,1,0,1,1,1,1,1,1,1,1,1,1
470,0,1,0,1,1,1,0,0,1,0,0,1
471,1,1,1,0,1,1,1,1,0,1,0,3
472,1,1,0,1,0,0,0,1,0,1,1,1
473,1,1,1,0,1,1,0,0,0,1,1,2
474,0,0,0,0,0,1,0,0,1,0,1,2
475,0,1,0,0,0,1,0,1,1,0,0,1
476,0,1,1,1,0,0,1,0,1,1,0,1
477,1,1,0,1,0,1,0,1,1,0,0,1
478,0,1,1,1,1,1,0,1,1,1,1,1
479,1,0,1,0,1,1,1,1,0,1,0,2
480,0,1,1,1,1,1,1,0,0,0,0,1
481,0,1,0,1,0,0,0,0,1,1,0,2
482,0,1,0,0,0,1,1,0,0,0,0,1
483,0,1,1,1,0,1,1,1,1,1,1,1
484,1,1,1,0,0,1,1,0,1,0,0,1
485,1,1,0,1,1,0,0,0,0,0,0,1
486,1,0,1,1,0,1,0,0,1,0,0,2
487,1,0,1,1,1,1,1,0,1,0,1,1
488,1,0,1,0,0,1,0,0,0,1,1,3
489,1,0,0,0,0,1,0,1,1,0,1,1
490,1,1,0,1,1,1,1,1,1,0,1,1
491,1,1,0,1,0,1,1,1,0,0,0,1
492,1,1,1,1,0,0,0,0,1,0,0,1
493,0,0,0,0,0,0,1,0,1,1,0,1
494,1,1,0,1,1,0,0,0,1,1,0,1
495,0,1,0,1,1,1,0,0,0,0,0,2
496,0,1,0,0,1,0,1,0,0,0,0,1
497,1,0,1,1,0,1,0,1,1,0,1,1
498,0,1,0,0,0,1,1,1,0,0,0,1
499,1,0,1,0,1,0,1,0,0,1,0,1
500,1,1,1,1,1,1,0,1,1,1,1,2
501,1,0,1,1,1,1,0,1,0,1,1,1
502,0,1,1,1,0,1,0,0,1,1,0,2
503,1,0,0,1,0,1,0,0,1,0,0,1
504,1,0,1,1,0,0,0,0,0,0,1,1
505,1,1,1,0,0,0,0,1,0,1,0,2
506,0,1,1,1,0,1,0,0,0,1,1,1
507,1,0,1,1,1,1,1,0,0,1,1,1
508,1,1,1,0,1,1,0,1,1,0,1,1
509,1,0,1,1,1,1,0,1,1,1,1,1
510,0,0,0,0,1,0,1,0,0,1,0,1
511,1,0,1,0,1,1,1,0,0,0,0,1
512,0,1,0,0,0,1,1,0,0,0,1,1
513,0,1,1,1,0,1,0,1,1,0,1,1
514,0,1,0,0,1,1,0,0,1,1,0,1
515,1,1,0,0,1,1,1,0,0,1,0,1
516,0,1,0,0,1,1,0,1,0,0,1,1
517,0,1,0,1,0,0,0,1,0,1,1,1
518,0,1,0,1,1,1,0,1,1,0,1,1
519,1,1,0,0,0,1,0,0,1,1,1,1
520,1,1,0,0,0,1,0,0,1,0,0,2
521,1,1,1,0,1,0,0,1,1,0,0,1
522,1,0,1,1,1,1,0,1,1,0,1,1
523,0,1,0,0,0,0,0,1,0,1,1,1
524,0,1,0,1,0,1,1,1,0,0,1,1
525,1,1,1,1,0,1,0,0,0,1,1,1
526,0,1,0,1,0,1,0,0,1,0,1,2
527,0,1,0,1,0,1,1,1,0,0,0,2
528,0,1,1,1,1,0,0,0,1,0,1,1
529,0,1,1,1,0,1,1,1,0,1,1,1
530,1,0,1,1,1,0,0,0,1,0,1,1
531,1,1,1,1,1,1,1,1,1,0,0,1
532,0,1,1,1,0,1,1,1,0,0,1,1
533,1,1,0,0,0,1,0,0,0,1,1,1
534,1,1,1,0,0,0,0,0,1,0,1,1
535,1,0,1,1,0,1,0,1,0,1,1,1
536,1,1,1,1,0,1,0,0,0,0,1,1
537,1,1,0,0,1,0,0,0,0,1,0,1
538,0,0,1,1,0,1,0,0,0,0,0,1
539,1,1,0,1,1,1,0,1,1,1,1,1
540,1,1,1,0,0,1,0,1,1,0,1,1
541,1,1,1,1,1,0,1,0,1,1,1,1
542,0,0,0,0,1,0,0,0,1,1,0,1
543,0,1,1,1,1,1,1,1,0,1,0,1
544,0,0,0,0,1,1,1,0,1,1,1,1
545,0,1,0,1,1,1,0,0,1,0,1,1
546,1,1,0,1,0,1,1,0,1,1,0,1
547,1,1,0,1,1,0,1,0,1,0,0,1
548,0,0,0,0,1,0,0,0,1,1,1,1
549,0,0,0,1,0,1,1,1,1,1,1,1
550,1,1,1,0,1,1,0,0,1,0,1,1
